filepath,Category
Dataset/preproses/feature_extract/Drowsy/face-0075_jpg.rf.2617d4a18365b9134235638787091ee0.jpg,Drowsy
Dataset/preproses/feature_extract/Neutral/Training_98674285_jpg.rf.613669feb614c450ea529a8b0bcd7d83.jpg,Neutral
Dataset/preproses/feature_extract/Neutral/Training_96825126_jpg.rf.6be22def2f7274d3fed113ddc95051af.jpg,Neutral
Dataset/preproses/feature_extract/Neutral/Training_95927170_jpg.rf.f2fae254f74b4388f115becd7ad7ebd9.jpg,Neutral
Dataset/preproses/feature_extract/Drowsy/face-0032_jpg.rf.8557228d56b3e71be22b612e22fddc04.jpg,Drowsy
Dataset/preproses/feature_extract/Drowsy/face-0113_jpg.rf.7c73c5678a8e9c40d935c50fccdd8b0b.jpg,Drowsy
Dataset/preproses/feature_extract/Drowsy/face-0104_jpg.rf.ffa523160a315d6a313a815da2f8497a.jpg,Drowsy
Dataset/preproses/feature_extract/Drowsy/face-0049_jpg.rf.e99f62af57fcfb7db9934b5bf7432bf1.jpg,Drowsy
Dataset/preproses/feature_extract/Neutral/Training_23139059_jpg.rf.8d8f6c533796ea34dee7e6825a9d8178.jpg,Neutral
Dataset/preproses/feature_extract/Neutral/thereal23_jpg.rf.482eac200ab5cf3fcbe878592bc4258f.jpg,Neutral
Dataset/preproses/feature_extract/Neutral/real-33-_png.rf.96aa3b59abd4d280134969aec76a1bfd.jpg,Neutral
Dataset/preproses/feature_extract/Drowsy/face-0122_jpg.rf.ad826c1862813cd441c3b65a9588904b.jpg,Drowsy
Dataset/preproses/feature_extract/Drowsy/face-0146_jpg.rf.55dea681925ed9c1e6727ef185c75783.jpg,Drowsy
Dataset/preproses/feature_extract/Drowsy/face-0038_jpg.rf.9bcf01220893da9bccfb415c3696c615.jpg,Drowsy
Dataset/preproses/feature_extract/Drowsy/face-0084_jpg.rf.abd6a3f03d2101d76ac1a1a2fc418d88.jpg,Drowsy
Dataset/preproses/feature_extract/Neutral/real-66-_png.rf.c9ec606a0b74643a6af36a4106fb08ab.jpg,Neutral
Dataset/preproses/feature_extract/Drowsy/face-0012_jpg.rf.74bb3ea313d391aa02a3aebe86ae3cda.jpg,Drowsy
Dataset/preproses/feature_extract/Drowsy/face-0003_jpg.rf.fd8c0ede7bb241d19c4131aabefcd0f8.jpg,Drowsy
Dataset/preproses/feature_extract/Neutral/Training_23393516_jpg.rf.e3d4213582bfcfb104e54f5cb4a9cfe6.jpg,Neutral
Dataset/preproses/feature_extract/Neutral/real-72-_png.rf.605866bc19d64618e9531c6b02cea899.jpg,Neutral
Dataset/preproses/feature_extract/Neutral/Training_22868101_jpg.rf.65618e552dbb98007b80d32dad1dcd40.jpg,Neutral
Dataset/preproses/feature_extract/Drowsy/face-0006_jpg.rf.7229babd07e71717da4abd5d875bed8c.jpg,Drowsy
Dataset/preproses/feature_extract/Drowsy/face-0112_jpg.rf.c70d22aa00811ffce3d12f5f8c945043.jpg,Drowsy
Dataset/preproses/feature_extract/Neutral/1-395-_jpg.rf.dc886c33a8fe9ec07087bfbe230af2ca.jpg,Neutral
Dataset/preproses/feature_extract/Drowsy/face-0008_jpg.rf.15f5097b84bf01c656d66e4b6b0d5aab.jpg,Drowsy
Dataset/preproses/feature_extract/Drowsy/face-0139_jpg.rf.766660149621bceac8fa518dd4f5d01c.jpg,Drowsy
Dataset/preproses/feature_extract/Drowsy/face-0119_jpg.rf.ad23d8699d91ad5f1aa98be2a1c95b1d.jpg,Drowsy
Dataset/preproses/feature_extract/Drowsy/face-0019_jpg.rf.881865fb3b11ff689858a090d45ec9e6.jpg,Drowsy
Dataset/preproses/feature_extract/Drowsy/face-0035_jpg.rf.a4ae26a8bc5ac8505d32cff8cff70053.jpg,Drowsy
Dataset/preproses/feature_extract/Neutral/Training_99334821_jpg.rf.7da695f855bd1c93853f11e7e2423f53.jpg,Neutral
Dataset/preproses/feature_extract/Drowsy/face-0054_jpg.rf.5006099851bd03a8d40839e4f7e9943c.jpg,Drowsy
Dataset/preproses/feature_extract/Neutral/Training_97808527_jpg.rf.7b1f33fec07b9817f035543f4dc0b9f6.jpg,Neutral
Dataset/preproses/feature_extract/Neutral/Training_99504759_jpg.rf.fceb8c8303957cd9408f254ba2e9777a.jpg,Neutral
Dataset/preproses/feature_extract/Drowsy/face-0113_jpg.rf.5a42f47ead4903f8b508e61a0aac5e28.jpg,Drowsy
Dataset/preproses/feature_extract/Neutral/new_real-32-_jpg.rf.11937f04c3bb2983f856f81fe7a9bd50.jpg,Neutral
Dataset/preproses/feature_extract/Drowsy/face-0041_jpg.rf.969a24a49529c0c11b1525e19cffb884.jpg,Drowsy
Dataset/preproses/feature_extract/Neutral/Training_97372968_jpg.rf.36111f582236b34c98947be06505a6a1.jpg,Neutral
Dataset/preproses/feature_extract/Neutral/Training_96207763_jpg.rf.c5719e6c975f401d402d4d43cc1dd6a5.jpg,Neutral
Dataset/preproses/feature_extract/Drowsy/face-0100_jpg.rf.7f2afce51d061f1fd6d6119ba2627887.jpg,Drowsy
Dataset/preproses/feature_extract/Neutral/real-13-_png.rf.3c2255521c96535959691a27efe4f0fa.jpg,Neutral
Dataset/preproses/feature_extract/Neutral/real-36-_png.rf.7b87c41f16846e0eeb1287cd32486a38.jpg,Neutral
Dataset/preproses/feature_extract/Drowsy/face-0061_jpg.rf.31b850b7215625bbbbf78718abe56d21.jpg,Drowsy
Dataset/preproses/feature_extract/Drowsy/face-0060_jpg.rf.00fd545244c55239531c74b7d2a3adeb.jpg,Drowsy
Dataset/preproses/feature_extract/Neutral/Training_97004687_jpg.rf.2a8628cf4957c6b1ca7286e2a9c03574.jpg,Neutral
Dataset/preproses/feature_extract/Drowsy/face-0066_jpg.rf.e85d4703c2dbe26590c746db43dc6e53.jpg,Drowsy
Dataset/preproses/feature_extract/Neutral/Training_96429554_jpg.rf.9e66aae642d2f86afcac5e660d597017.jpg,Neutral
Dataset/preproses/feature_extract/Neutral/andr_video_9_frame50_jpg.rf.534d0acc19dbe6735d539036e0b93d91.jpg,Neutral
Dataset/preproses/feature_extract/Drowsy/face-0080_jpg.rf.51c7fcb8d97f3e1a9a393e5184d3ae01.jpg,Drowsy
Dataset/preproses/feature_extract/Neutral/Training_21632717_jpg.rf.6381adcd2353de2194617d8ea82ff201.jpg,Neutral
Dataset/preproses/feature_extract/Neutral/new_real-57-_jpg.rf.73a179e0a87eef85de98a101f74082ec.jpg,Neutral
Dataset/preproses/feature_extract/Neutral/new_real-52-_jpg.rf.8c545a149ae8cf3da240a011d4e5f60f.jpg,Neutral
Dataset/preproses/feature_extract/Neutral/PrivateTest_14596578_jpg.rf.5942bbb5831aa31b707bdb44eb3dfb44.jpg,Neutral
Dataset/preproses/feature_extract/Neutral/andr_video_12_frame38_jpg.rf.b1b20e296a828d1f7c1a09863d0e7e8c.jpg,Neutral
Dataset/preproses/feature_extract/Neutral/Training_93249721_jpg.rf.087529b7dd9353328a2d00a7a1d369bf.jpg,Neutral
Dataset/preproses/feature_extract/Neutral/ios_video_12_frame27_jpg.rf.e869016f5b4e95e0085a7f98feacc238.jpg,Neutral
Dataset/preproses/feature_extract/Neutral/Training_98900042_jpg.rf.caa21ed5fa40dfc73fb4f820b053ef53.jpg,Neutral
Dataset/preproses/feature_extract/Drowsy/face-0036_jpg.rf.9cceea87ed7b470ba5ce4e77d9d73f72.jpg,Drowsy
Dataset/preproses/feature_extract/Drowsy/face-0028_jpg.rf.99a565aa705331aef0669b610a502488.jpg,Drowsy
Dataset/preproses/feature_extract/Drowsy/face-0028_jpg.rf.728ebd779fa1c03015addc2b4fe2fe8e.jpg,Drowsy
Dataset/preproses/feature_extract/Neutral/Training_23772184_jpg.rf.40ac2f418838b65515ed05dff5dd6fd8.jpg,Neutral
Dataset/preproses/feature_extract/Neutral/Training_22686832_jpg.rf.02934007102123b887b55882577fb6d1.jpg,Neutral
Dataset/preproses/feature_extract/Neutral/real-32-_png.rf.c18ae3bf28d0160649130a2078ca452b.jpg,Neutral
Dataset/preproses/feature_extract/Drowsy/face-0121_jpg.rf.c552f5f2a7c8eee84a9d25d26758669e.jpg,Drowsy
Dataset/preproses/feature_extract/Neutral/Training_99266316_jpg.rf.f5eb2ac4dc5084bb716e41bbf41fe555.jpg,Neutral
Dataset/preproses/feature_extract/Neutral/andr_video_12_frame36_jpg.rf.2f52ad32311b39e703471d63ee8dd797.jpg,Neutral
Dataset/preproses/feature_extract/Neutral/Training_98958507_jpg.rf.7b59009d98c3ab9ba4b29125d6ed1cb0.jpg,Neutral
Dataset/preproses/feature_extract/Neutral/new_real-48-_jpg.rf.9811040cab0e928b63299e77167919c4.jpg,Neutral
Dataset/preproses/feature_extract/Drowsy/face-0007_jpg.rf.546391b31c58c022feb9ea062daabf9a.jpg,Drowsy
Dataset/preproses/feature_extract/Drowsy/face-0115_jpg.rf.ac483b09dd6c535ab8d9806bc8dfdf6a.jpg,Drowsy
Dataset/preproses/feature_extract/Neutral/Training_95953927_jpg.rf.2fcf19980be4abe09d48bf63e3457b67.jpg,Neutral
Dataset/preproses/feature_extract/Neutral/Training_96667335_jpg.rf.4f37cd06bceaa823874f43f32975bbb3.jpg,Neutral
Dataset/preproses/feature_extract/Neutral/Training_95323574_jpg.rf.dd6993b065c9b91e6353e3c8bd049064.jpg,Neutral
Dataset/preproses/feature_extract/Drowsy/face-0098_jpg.rf.de0fea0bc361734c84c974efff151a21.jpg,Drowsy
Dataset/preproses/feature_extract/Drowsy/face-0017_jpg.rf.9e43c3769a2e90187b0b00ef1eee4631.jpg,Drowsy
Dataset/preproses/feature_extract/Drowsy/face-0037_jpg.rf.5d375116e8fede33139b2ea34fe9d26e.jpg,Drowsy
Dataset/preproses/feature_extract/Neutral/Training_23333178_jpg.rf.6f493239f8c68aa7a7425180968d676c.jpg,Neutral
Dataset/preproses/feature_extract/Neutral/Training_97056113_jpg.rf.33ea7eff5157eb92876bb630ddf3d81d.jpg,Neutral
Dataset/preproses/feature_extract/Drowsy/face-0114_jpg.rf.cdab0614ca0b4b90c8c55710c818423a.jpg,Drowsy
Dataset/preproses/feature_extract/Neutral/real-31-_png.rf.4921e89c61359d9bcf76a776745865f7.jpg,Neutral
Dataset/preproses/feature_extract/Neutral/andr_video_18_frame47_jpg.rf.af1d6d4d9ff979f3782da759e1a7b7b0.jpg,Neutral
Dataset/preproses/feature_extract/Drowsy/face-0047_jpg.rf.c300e612abf99d60bb013432dc274c7c.jpg,Drowsy
Dataset/preproses/feature_extract/Drowsy/face-0055_jpg.rf.fc6b6c21c19ae6589f787c1499d737a4.jpg,Drowsy
Dataset/preproses/feature_extract/Drowsy/face-0057_jpg.rf.649a312ad0a325e589a05507306e366f.jpg,Drowsy
Dataset/preproses/feature_extract/Neutral/thereal20_jpg.rf.6b91dedc4465fc402acbe8ae83801248.jpg,Neutral
Dataset/preproses/feature_extract/Neutral/Training_97062053_jpg.rf.86be9804b08a594851b049b469046243.jpg,Neutral
Dataset/preproses/feature_extract/Neutral/Training_97467364_jpg.rf.1a3fa632059586659a8812d0793c1f3f.jpg,Neutral
Dataset/preproses/feature_extract/Neutral/Training_23537726_jpg.rf.9f31f0a5dacf28f845caa7c9f6cbe574.jpg,Neutral
Dataset/preproses/feature_extract/Neutral/andr_video_8_frame25_jpg.rf.48d076abe052ed787eb82df29e05bb1e.jpg,Neutral
Dataset/preproses/feature_extract/Neutral/andr_video_2_frame107_jpg.rf.3b13c6e3ce0da6e2bfa10431d93faf1b.jpg,Neutral
Dataset/preproses/feature_extract/Neutral/Training_97091455_jpg.rf.b2802781a99d88d4c325cde002ee1c68.jpg,Neutral
Dataset/preproses/feature_extract/Neutral/Training_97081766_jpg.rf.b60e6869496f475f4008dd846e8de4b8.jpg,Neutral
Dataset/preproses/feature_extract/Drowsy/face-0124_jpg.rf.af23702db29dc66918a751c31600475a.jpg,Drowsy
Dataset/preproses/feature_extract/Neutral/Training_24349875_jpg.rf.d7599fc8c6dda940276219a68b6c5fb4.jpg,Neutral
Dataset/preproses/feature_extract/Drowsy/face-0002_jpg.rf.592f9f8874eb8bc9b204c7f59c466107.jpg,Drowsy
Dataset/preproses/feature_extract/Neutral/real-91-_png.rf.6e25a9acac09b2849275c117408f9669.jpg,Neutral
Dataset/preproses/feature_extract/Neutral/Training_97876144_jpg.rf.9085286abc37d2cb574624db94bc7af7.jpg,Neutral
Dataset/preproses/feature_extract/Drowsy/face-0130_jpg.rf.eff40e6d5d3d3d29edbc0e5079852ac2.jpg,Drowsy
Dataset/preproses/feature_extract/Neutral/real-39-_png.rf.ff7da409ed5a57abd7c2ea387220ee04.jpg,Neutral
Dataset/preproses/feature_extract/Drowsy/face-0009_jpg.rf.f96df743a7c5a3e277be799e9ee17bdc.jpg,Drowsy
Dataset/preproses/feature_extract/Drowsy/face-0077_jpg.rf.782cfd75662948cc06c1e6a51352ef3b.jpg,Drowsy
Dataset/preproses/feature_extract/Neutral/real-70-_png.rf.33941f80182d0af5e544735a67d8923e.jpg,Neutral
Dataset/preproses/feature_extract/Drowsy/face-0034_jpg.rf.dfcf37cdb7b36954285fc8e5dc7fcc6d.jpg,Drowsy
Dataset/preproses/feature_extract/Neutral/Training_95113504_jpg.rf.93f0733068cfd2e1d799e3bdda6056a0.jpg,Neutral
Dataset/preproses/feature_extract/Drowsy/face-0021_jpg.rf.228ea77c7d7eeee52ff6bdbd40c12d1e.jpg,Drowsy
Dataset/preproses/feature_extract/Drowsy/face-0026_jpg.rf.239718cf3634eea899bf4998c8354cea.jpg,Drowsy
Dataset/preproses/feature_extract/Neutral/Training_98086491_jpg.rf.2bf2cb4f5a0540668621bf1965811c84.jpg,Neutral
Dataset/preproses/feature_extract/Neutral/Training_93614183_jpg.rf.60f3dd4e961d3217451626c421d6ea54.jpg,Neutral
Dataset/preproses/feature_extract/Drowsy/face-0112_jpg.rf.fc22c4be45f404037d733fc0fd56dc77.jpg,Drowsy
Dataset/preproses/feature_extract/Drowsy/face-0016_jpg.rf.409b56dbbb516026742b805ab6aa4aba.jpg,Drowsy
Dataset/preproses/feature_extract/Drowsy/face-0113_jpg.rf.87695f2f08b144576cc522cf5418bb8a.jpg,Drowsy
Dataset/preproses/feature_extract/Drowsy/face-0076_jpg.rf.00e68798e374884b78c9454968263216.jpg,Drowsy
Dataset/preproses/feature_extract/Neutral/Training_94548979_jpg.rf.d350956c7610cca4603435da3a3c7e00.jpg,Neutral
Dataset/preproses/feature_extract/Neutral/andr_video_17_frame4_jpg.rf.5b7dcb98b11e127b294c8ab34bb2a822.jpg,Neutral
Dataset/preproses/feature_extract/Drowsy/face-0076_jpg.rf.9f6a9c43832e46c12c46f92b7d984588.jpg,Drowsy
Dataset/preproses/feature_extract/Neutral/andr_video_4_frame35_jpg.rf.bb1eeddf3962b7cc59ad020bf6e76a06.jpg,Neutral
Dataset/preproses/feature_extract/Neutral/Training_98644350_jpg.rf.81c4d246c7d55c929b3c36f6859ad26c.jpg,Neutral
Dataset/preproses/feature_extract/Neutral/1-391-_jpg.rf.5fff7b09b980fe552e254aac031f46cd.jpg,Neutral
Dataset/preproses/feature_extract/Neutral/thereal7_png.rf.472eee012aef486596a9cbf8180263f8.jpg,Neutral
Dataset/preproses/feature_extract/Drowsy/face-0105_jpg.rf.9195b9ef93cb9a4b3dccfbd6c1fbd3b4.jpg,Drowsy
Dataset/preproses/feature_extract/Drowsy/face-0168_jpg.rf.64611f138acbcec785e1b5f9cd0f06a3.jpg,Drowsy
Dataset/preproses/feature_extract/Neutral/Training_96983999_jpg.rf.be546ce5b3222e1fd408166bf88d4ae4.jpg,Neutral
Dataset/preproses/feature_extract/Neutral/new_real-19-_jpg.rf.6e2914f73b6846c4b707e4be286d07d2.jpg,Neutral
Dataset/preproses/feature_extract/Neutral/Training_99607044_jpg.rf.d23c746e445eacbbf90a027ccf4e1408.jpg,Neutral
Dataset/preproses/feature_extract/Drowsy/face-0110_jpg.rf.0628fdca4f246f556870213424d6600a.jpg,Drowsy
Dataset/preproses/feature_extract/Drowsy/face-0107_jpg.rf.1477bbbfb199331bd619ff958b8ca6f8.jpg,Drowsy
Dataset/preproses/feature_extract/Neutral/Training_96029507_jpg.rf.106238d4caf9d3bb052572b0d5e9aa95.jpg,Neutral
Dataset/preproses/feature_extract/Drowsy/face-0182_jpg.rf.e12f79ce92bdc7fe6848e5b8f06cbf76.jpg,Drowsy
Dataset/preproses/feature_extract/Drowsy/face-0081_jpg.rf.9d25bdb9e2d7bb234f516417c26d46fc.jpg,Drowsy
Dataset/preproses/feature_extract/Drowsy/face-0085_jpg.rf.80927a656ff8fbf2828e453d1b3f99d5.jpg,Drowsy
Dataset/preproses/feature_extract/Drowsy/face-0018_jpg.rf.3d23ef070a56bba49e41825b60b5c5b9.jpg,Drowsy
Dataset/preproses/feature_extract/Neutral/andr_video_21_frame11_jpg.rf.24eb3002cd6b001bb3e4468f2941a48d.jpg,Neutral
Dataset/preproses/feature_extract/Neutral/real-69-_png.rf.59b1e5e2181bbad63d7d480660786d06.jpg,Neutral
Dataset/preproses/feature_extract/Neutral/real-75-_png.rf.4b1c69d6a06295babbb28a512247b7ca.jpg,Neutral
Dataset/preproses/feature_extract/Drowsy/face-0135_jpg.rf.a59a1e633f3683a4f046839f0d52bdc5.jpg,Drowsy
Dataset/preproses/feature_extract/Neutral/Training_99312377_jpg.rf.a750ecf3ecb7381831b4414453e606ec.jpg,Neutral
Dataset/preproses/feature_extract/Neutral/Training_96739323_jpg.rf.43f35e16f6c21cf20f0491e0e9a13b18.jpg,Neutral
Dataset/preproses/feature_extract/Neutral/Training_97135372_jpg.rf.4088b3e02902fa6dd226cf17c6f47853.jpg,Neutral
Dataset/preproses/feature_extract/Drowsy/face-0141_jpg.rf.ebf9cb736694ef3a981f17f46761e06b.jpg,Drowsy
Dataset/preproses/feature_extract/Drowsy/face-0071_jpg.rf.cd3dfed0c19383ebe36304ed4a9056ab.jpg,Drowsy
Dataset/preproses/feature_extract/Drowsy/face-0059_jpg.rf.2f0d1084003fb76bb038f6f00ad086d3.jpg,Drowsy
Dataset/preproses/feature_extract/Neutral/Training_97696525_jpg.rf.3a4b06f19427ab5c0a01f393a4128836.jpg,Neutral
Dataset/preproses/feature_extract/Neutral/Training_23863204_jpg.rf.6b73323799a2bef2ff3ada500363dd27.jpg,Neutral
Dataset/preproses/feature_extract/Drowsy/face-0006_jpg.rf.d47d3a320f3bc4abe6827f2ec1732a24.jpg,Drowsy
Dataset/preproses/feature_extract/Drowsy/face-0092_jpg.rf.7ec88edd38819cbcdc213be3e323e791.jpg,Drowsy
Dataset/preproses/feature_extract/Neutral/Training_22224631_jpg.rf.c2cd1c11b29d8f1dca64dcb081ed9fe2.jpg,Neutral
Dataset/preproses/feature_extract/Neutral/thereal6_png.rf.8ded3a7e12567c17b4d90f045d2fed69.jpg,Neutral
Dataset/preproses/feature_extract/Drowsy/face-0163_jpg.rf.131c81c52bc694af962f05d91ebf2a87.jpg,Drowsy
Dataset/preproses/feature_extract/Neutral/Training_99889904_jpg.rf.6dbea031b5a7f82c0bd66e37a993492d.jpg,Neutral
Dataset/preproses/feature_extract/Neutral/new_real-50-_jpg.rf.83a947d938294f72e0bb612afdc15786.jpg,Neutral
Dataset/preproses/feature_extract/Neutral/Training_93148238_jpg.rf.880f1d3848f6ce4c56a4c48b5069e161.jpg,Neutral
Dataset/preproses/feature_extract/Neutral/Training_96375215_jpg.rf.07960b586eb63f0568eacb8476966a2d.jpg,Neutral
Dataset/preproses/feature_extract/Neutral/Training_97345253_jpg.rf.4a3a8587dd1c3b6010bd400a7f795f66.jpg,Neutral
Dataset/preproses/feature_extract/Drowsy/face-0068_jpg.rf.9c4ee19900e24f470c9515de77d504dd.jpg,Drowsy
Dataset/preproses/feature_extract/Drowsy/face-0166_jpg.rf.45c64aef11f79f95497e627bb400f875.jpg,Drowsy
Dataset/preproses/feature_extract/Drowsy/face-0147_jpg.rf.b001adbab9e0da5ea906f0dd50e2d3dc.jpg,Drowsy
Dataset/preproses/feature_extract/Neutral/real-19-_png.rf.c1b6f5836fd409c5cebf8c1b0b60c77e.jpg,Neutral
Dataset/preproses/feature_extract/Drowsy/face-0017_jpg.rf.5a1420bd047a14690a18549a230aba0b.jpg,Drowsy
Dataset/preproses/feature_extract/Drowsy/face-0119_jpg.rf.f131ad3f27bcb96d2a8b2690563a59cc.jpg,Drowsy
Dataset/preproses/feature_extract/Neutral/andr_video_11_frame69_jpg.rf.732fc62d10df6e9a24501bd1fb9cbc69.jpg,Neutral
Dataset/preproses/feature_extract/Neutral/new_real-18-_jpg.rf.0a6dc56bdbe868d0ff548b98ff47bafc.jpg,Neutral
Dataset/preproses/feature_extract/Neutral/real-93-_png.rf.db2a10a82cb7b19f08523d071c9a5dca.jpg,Neutral
Dataset/preproses/feature_extract/Drowsy/face-0036_jpg.rf.ed6890605d9d5c192f11f8e359482201.jpg,Drowsy
Dataset/preproses/feature_extract/Neutral/Training_96249610_jpg.rf.a4c9a64774840c5ad934b90b497baa55.jpg,Neutral
Dataset/preproses/feature_extract/Neutral/Training_93758070_jpg.rf.ebeee66e0ea89e237781b21c4dd3b8af.jpg,Neutral
Dataset/preproses/feature_extract/Neutral/real-1-_png.rf.8326257411777ee31503d0a2debd2a03.jpg,Neutral
Dataset/preproses/feature_extract/Drowsy/face-0057_jpg.rf.0ab9215b5f6f3ac9c394ceba16d056bc.jpg,Drowsy
Dataset/preproses/feature_extract/Drowsy/face-0011_jpg.rf.40d0985c8d88d59515f46f18aec4df8f.jpg,Drowsy
Dataset/preproses/feature_extract/Neutral/Training_24027041_jpg.rf.7e02fe0114a5df5ad39e309457367370.jpg,Neutral
Dataset/preproses/feature_extract/Neutral/Training_22028428_jpg.rf.8685de66ea181708a0062c044736bd42.jpg,Neutral
Dataset/preproses/feature_extract/Drowsy/face-0128_jpg.rf.f3b9770cac0b0b772198fb35b180eb4e.jpg,Drowsy
Dataset/preproses/feature_extract/Neutral/Training_98951914_jpg.rf.f8fcba609847745f2df64b4d2e602ea7.jpg,Neutral
Dataset/preproses/feature_extract/Neutral/real-85-_png.rf.24dfea8bcaa37049ebc9c4c8f2bffa5b.jpg,Neutral
Dataset/preproses/feature_extract/Neutral/new_real-9-_jpg.rf.0f2e1485a382816d9a5ed9600141d769.jpg,Neutral
Dataset/preproses/feature_extract/Neutral/Training_94160022_jpg.rf.e5058dc47b22aa3337a8a1d965b61320.jpg,Neutral
Dataset/preproses/feature_extract/Neutral/real-87-_png.rf.d08bf01beedc62f0534b825b3fe736d9.jpg,Neutral
Dataset/preproses/feature_extract/Neutral/Training_92842507_jpg.rf.0b32d4a1002aec0c3427067a53cecdb5.jpg,Neutral
Dataset/preproses/feature_extract/Drowsy/face-0010_jpg.rf.d3f29e38dd70f76ea97c91b8eecf2e13.jpg,Drowsy
Dataset/preproses/feature_extract/Neutral/new_real-34-_jpg.rf.940726ffb02f85fff368f7b27581cb86.jpg,Neutral
Dataset/preproses/feature_extract/Drowsy/face-0154_jpg.rf.502f12042875164df6bff9662b3a7df5.jpg,Drowsy
Dataset/preproses/feature_extract/Drowsy/face-0058_jpg.rf.24500f73a77814023cd306925c52eafe.jpg,Drowsy
Dataset/preproses/feature_extract/Drowsy/face-0067_jpg.rf.4b497cc5f60a40e5ebb387805acebe49.jpg,Drowsy
Dataset/preproses/feature_extract/Neutral/Training_92945567_jpg.rf.cdc5e5a39a57b09e9c04291f9d7bad42.jpg,Neutral
Dataset/preproses/feature_extract/Neutral/Training_95419401_jpg.rf.0d9c68cee7cf1068e00c6bfd950a58df.jpg,Neutral
Dataset/preproses/feature_extract/Drowsy/face-0076_jpg.rf.ed8d13bfbee630e6190e735e8ac62669.jpg,Drowsy
Dataset/preproses/feature_extract/Neutral/andr_video_9_frame3_jpg.rf.2fd28181ddb2fc997408fddfb4d83af8.jpg,Neutral
Dataset/preproses/feature_extract/Drowsy/face-0111_jpg.rf.3dd7d91d48b053f25e36e59974dc8cea.jpg,Drowsy
Dataset/preproses/feature_extract/Neutral/Training_94941922_jpg.rf.354d242797e7e066400709e4de5ebab3.jpg,Neutral
Dataset/preproses/feature_extract/Neutral/real-61-_png.rf.46ec7d9d03e0326b181414fecbbe1a6f.jpg,Neutral
Dataset/preproses/feature_extract/Neutral/Training_93023688_jpg.rf.8e813e6c063509406e8be9ce9581029d.jpg,Neutral
Dataset/preproses/feature_extract/Neutral/Training_95241865_jpg.rf.d1dfcf7947ccca65e9169267e134b6c2.jpg,Neutral
Dataset/preproses/feature_extract/Neutral/real-65-_png.rf.6ef0364aed1476390c6e407d25d9a314.jpg,Neutral
Dataset/preproses/feature_extract/Neutral/Training_24505581_jpg.rf.35d0de31216f4b53d3f8d86308db2eff.jpg,Neutral
Dataset/preproses/feature_extract/Neutral/andr_video_18_frame2_jpg.rf.f9500f33d61af69a97bf35e24916d376.jpg,Neutral
Dataset/preproses/feature_extract/Neutral/Training_95208616_jpg.rf.9b30c998b3d1e20aecc44bb0d8f6bf08.jpg,Neutral
Dataset/preproses/feature_extract/Neutral/new_real-37-_jpg.rf.25f6dbbc7c8076541bba475813744a9e.jpg,Neutral
Dataset/preproses/feature_extract/Neutral/real-58-_png.rf.923676ec9bf76900a9537cf95dedede3.jpg,Neutral
Dataset/preproses/feature_extract/Drowsy/face-0098_jpg.rf.0ef320842428197cc3db5ecb197b42f6.jpg,Drowsy
Dataset/preproses/feature_extract/Drowsy/face-0012_jpg.rf.8946ef9353c17895e262daa3d052bdaa.jpg,Drowsy
Dataset/preproses/feature_extract/Drowsy/face-0030_jpg.rf.b70d84b8f99fca8fe566064457ae9f67.jpg,Drowsy
Dataset/preproses/feature_extract/Neutral/Training_96997789_jpg.rf.440ba043db7e18ed56376a430d673fd4.jpg,Neutral
Dataset/preproses/feature_extract/Neutral/real-78-_png.rf.736a0ac7e0898ac0d48bfdff3810e63c.jpg,Neutral
Dataset/preproses/feature_extract/Neutral/new_real-20-_jpg.rf.16df1ee3da90f9733ace42d0058a7e1f.jpg,Neutral
Dataset/preproses/feature_extract/Neutral/Training_22941956_jpg.rf.0ca4be493f3e9fc2c1a1ca772c877a54.jpg,Neutral
Dataset/preproses/feature_extract/Neutral/real-56-_png.rf.54af1439f25b26f15796414bacdf1fb3.jpg,Neutral
Dataset/preproses/feature_extract/Neutral/Training_97921418_jpg.rf.1333f7a534bb5ac2a1ba802426f400e8.jpg,Neutral
Dataset/preproses/feature_extract/Neutral/Training_92910617_jpg.rf.7df8b4dc386989da25c9776db24a9924.jpg,Neutral
Dataset/preproses/feature_extract/Neutral/Training_22738826_jpg.rf.31b11f970395777574edf93860f8d922.jpg,Neutral
Dataset/preproses/feature_extract/Drowsy/face-0022_jpg.rf.dd27ff4d60fe2d16bc2c7e383ce66e56.jpg,Drowsy
Dataset/preproses/feature_extract/Neutral/Training_99653264_jpg.rf.905aa3e0214ab3e7da4e4648090ad481.jpg,Neutral
Dataset/preproses/feature_extract/Drowsy/face-0080_jpg.rf.3644d04c2f7b18f7ce3e266445893dc9.jpg,Drowsy
Dataset/preproses/feature_extract/Drowsy/face-0007_jpg.rf.64bd2d5fc920a5882994812a2e6f1ca6.jpg,Drowsy
Dataset/preproses/feature_extract/Drowsy/face-0095_jpg.rf.5cb5c0cd2fed7f62e6b36ba6965428fe.jpg,Drowsy
Dataset/preproses/feature_extract/Neutral/Training_99139714_jpg.rf.85600b929c11b1acab4c6cc6a87b1b90.jpg,Neutral
Dataset/preproses/feature_extract/Neutral/Training_97392241_jpg.rf.a6488d1a6f9aaa18904873e2960d1688.jpg,Neutral
Dataset/preproses/feature_extract/Neutral/new_real-13-_jpg.rf.c6159f7d09dad6a458889e6b66c1c3aa.jpg,Neutral
Dataset/preproses/feature_extract/Neutral/real-80-_png.rf.8594bc48791fbef78bd09760c0fc2e7f.jpg,Neutral
Dataset/preproses/feature_extract/Neutral/Training_93701188_jpg.rf.592d134bb0a5c60176e6fd9689df6623.jpg,Neutral
Dataset/preproses/feature_extract/Neutral/Training_22851386_jpg.rf.a6be39fe0973ba3986ba72bbfa07fc68.jpg,Neutral
Dataset/preproses/feature_extract/Drowsy/face-0004_jpg.rf.f36544aaa3a331caf30c162db5913c37.jpg,Drowsy
Dataset/preproses/feature_extract/Neutral/Training_93890708_jpg.rf.09118a9360bdd238bfab791d5238e7f5.jpg,Neutral
Dataset/preproses/feature_extract/Drowsy/face-0003_jpg.rf.7e132eecf6219c722619d1eda3377982.jpg,Drowsy
Dataset/preproses/feature_extract/Neutral/Training_94835141_jpg.rf.84333aa9dae0a01e9ef24d79df932148.jpg,Neutral
Dataset/preproses/feature_extract/Neutral/new_real-15-_jpg.rf.e81e0139717d26be2836cb462881b562.jpg,Neutral
Dataset/preproses/feature_extract/Neutral/new_real-36-_jpg.rf.8dd2f3284638a5aaadbd5a9629777d1c.jpg,Neutral
Dataset/preproses/feature_extract/Drowsy/face-0069_jpg.rf.e2c01e41e280acf8c5c33993f3fcc6b7.jpg,Drowsy
Dataset/preproses/feature_extract/Neutral/Training_95145649_jpg.rf.4ee595da99df8279cfbd10c87fbd3f39.jpg,Neutral
Dataset/preproses/feature_extract/Neutral/real-15-_png.rf.28a913140c00712950c5477d59f00c70.jpg,Neutral
Dataset/preproses/feature_extract/Neutral/0-770-_jpg.rf.36924da54d0ae8fcea4dda4c8780d147.jpg,Neutral
Dataset/preproses/feature_extract/Neutral/andr_video_8_frame44_jpg.rf.fb6f167ea1987a197239fb59322a8ab8.jpg,Neutral
Dataset/preproses/feature_extract/Neutral/thereal3_png.rf.b36e15fd91d0b384f95771edc31da5bb.jpg,Neutral
Dataset/preproses/feature_extract/Neutral/Training_95025437_jpg.rf.ff6efc565da497a00b32f91039d25fd9.jpg,Neutral
Dataset/preproses/feature_extract/Drowsy/face-0121_jpg.rf.d97b387afab540c263eb743b202e9058.jpg,Drowsy
Dataset/preproses/feature_extract/Drowsy/face-0119_jpg.rf.a85995a33dfdf183f2d822893d42dd9f.jpg,Drowsy
Dataset/preproses/feature_extract/Drowsy/face-0097_jpg.rf.aaa85e733e0be7b7373fa8919533be90.jpg,Drowsy
Dataset/preproses/feature_extract/Neutral/real-94-_png.rf.6ae60a0163f33889b3a9cb4dc8f1e505.jpg,Neutral
Dataset/preproses/feature_extract/Drowsy/face-0143_jpg.rf.a4132e14a576f35af23222be8fb5b2c1.jpg,Drowsy
Dataset/preproses/feature_extract/Neutral/Training_23146617_jpg.rf.f2901da53d38f60860de0170a23d2e4c.jpg,Neutral
Dataset/preproses/feature_extract/Drowsy/face-0121_jpg.rf.18e084431d67635eae80b9343c6dab7f.jpg,Drowsy
Dataset/preproses/feature_extract/Neutral/real-26-_png.rf.74ba3bedb0d4cd414fe9ae340cde9064.jpg,Neutral
Dataset/preproses/feature_extract/Drowsy/face-0049_jpg.rf.9d7a5470917a74efe04cb253151df228.jpg,Drowsy
Dataset/preproses/feature_extract/Neutral/Training_97816945_jpg.rf.88edc530cbaf012e9fb33db6da56461a.jpg,Neutral
Dataset/preproses/feature_extract/Drowsy/face-0090_jpg.rf.de4d4e699f50f13e54fc4669d022df79.jpg,Drowsy
Dataset/preproses/feature_extract/Drowsy/face-0020_jpg.rf.85f66a2b35984582223c6f216042ec76.jpg,Drowsy
Dataset/preproses/feature_extract/Drowsy/face-0039_jpg.rf.1a176db3c8759ffc33614222a7b309d3.jpg,Drowsy
Dataset/preproses/feature_extract/Neutral/Training_95061282_jpg.rf.fc88f5514318546a9bbe387d83c53795.jpg,Neutral
Dataset/preproses/feature_extract/Neutral/Training_93561071_jpg.rf.fb7f25c93ade3b9c1aa7194180cfc775.jpg,Neutral
Dataset/preproses/feature_extract/Neutral/Training_96384657_jpg.rf.ca2c2a09f89cc6dab875398a99566ce0.jpg,Neutral
Dataset/preproses/feature_extract/Drowsy/face-0014_jpg.rf.e44d0d7cddc3b1f9d7fddf790f8bfb76.jpg,Drowsy
Dataset/preproses/feature_extract/Neutral/Training_23147095_jpg.rf.a382aecd7e74abc7fc16157a566b7b6b.jpg,Neutral
Dataset/preproses/feature_extract/Drowsy/face-0125_jpg.rf.623367f1dd14d8e2d7cca2c77c9fce44.jpg,Drowsy
Dataset/preproses/feature_extract/Neutral/Training_93962532_jpg.rf.ff74feeeeba4fcee32a8f89c3f2d0f98.jpg,Neutral
Dataset/preproses/feature_extract/Drowsy/face-0110_jpg.rf.b5ce956e44459060ed855ae62fe7f66d.jpg,Drowsy
Dataset/preproses/feature_extract/Neutral/Training_23638725_jpg.rf.384d8358dff042b2f54e08f0e7f89a08.jpg,Neutral
Dataset/preproses/feature_extract/Neutral/Training_94257884_jpg.rf.1af858196d7bf68d18b91065f263c7f5.jpg,Neutral
Dataset/preproses/feature_extract/Drowsy/face-0002_jpg.rf.5e402a9a50c7388cc15051225a1eb934.jpg,Drowsy
Dataset/preproses/feature_extract/Drowsy/face-0086_jpg.rf.a29e39d3ce5fa4d332740c7317964134.jpg,Drowsy
Dataset/preproses/feature_extract/Neutral/real-14-_png.rf.ba7952f0431a46e60ee5553196902a80.jpg,Neutral
Dataset/preproses/feature_extract/Neutral/andr_video_22_frame62_jpg.rf.c66ab294a6fa4cc01f884bbc1cbd3699.jpg,Neutral
Dataset/preproses/feature_extract/Drowsy/face-0092_jpg.rf.c636dedbe9a20b3ca33c167222eecf90.jpg,Drowsy
Dataset/preproses/feature_extract/Neutral/Training_24066606_jpg.rf.1b2fa40d32bc50ee3ad1f3c48f076a48.jpg,Neutral
Dataset/preproses/feature_extract/Neutral/Training_97010208_jpg.rf.a2350657c48b3840460b492f0098f724.jpg,Neutral
Dataset/preproses/feature_extract/Neutral/Training_95221375_jpg.rf.7a873c01574100254477366bced1429e.jpg,Neutral
Dataset/preproses/feature_extract/Neutral/real-10-_png.rf.f8268b21a4c3084ee2dee5d48681ff39.jpg,Neutral
Dataset/preproses/feature_extract/Drowsy/face-0052_jpg.rf.c0e80555a78c764ed503ef232c8de6df.jpg,Drowsy
Dataset/preproses/feature_extract/Neutral/andr_video_3_frame15_jpg.rf.379b1e1440370c1808c417d9dd4605d5.jpg,Neutral
Dataset/preproses/feature_extract/Neutral/Training_97243426_jpg.rf.7d4ba6b4fc84a131e71dae75cd19161f.jpg,Neutral
Dataset/preproses/feature_extract/Neutral/thereal22_jpg.rf.e7d469f6d84da9f4959ce890c0209ae1.jpg,Neutral
Dataset/preproses/feature_extract/Neutral/Training_97184442_jpg.rf.5430c7a1e5634ace64d0e37af4dc35f8.jpg,Neutral
Dataset/preproses/feature_extract/Neutral/Training_92944325_jpg.rf.a51e98e20be42079a1777f8db4be5d29.jpg,Neutral
Dataset/preproses/feature_extract/Neutral/Training_22792509_jpg.rf.288724c45b9e23ea8cfb4ecd4de3055f.jpg,Neutral
Dataset/preproses/feature_extract/Drowsy/face-0064_jpg.rf.012b5284ef8eeabc1cdd5403ac34ec7c.jpg,Drowsy
Dataset/preproses/feature_extract/Neutral/Training_97983458_jpg.rf.4f72b40667f2974e25cf685ac1a6589f.jpg,Neutral
Dataset/preproses/feature_extract/Drowsy/face-0081_jpg.rf.f09e2c0fb0ce189837ab007e0f57bbf9.jpg,Drowsy
Dataset/preproses/feature_extract/Neutral/Training_22680644_jpg.rf.2e046ae93a786f82977cbf01dd9985a0.jpg,Neutral
Dataset/preproses/feature_extract/Neutral/thereal8_png.rf.69821d80a42d66b5d70de3d4bc0b276d.jpg,Neutral
Dataset/preproses/feature_extract/Neutral/Training_98951388_jpg.rf.ccab0ed48843a8350027b6e0ce9485fd.jpg,Neutral
Dataset/preproses/feature_extract/Drowsy/face-0005_jpg.rf.cd61e7d986ccfd49df077b81c3f34c19.jpg,Drowsy
Dataset/preproses/feature_extract/Neutral/real-2-_png.rf.d70e3cd811d0241c8366826728e08dd2.jpg,Neutral
Dataset/preproses/feature_extract/Drowsy/face-0065_jpg.rf.19bf2b536d3bc3ed33661e2359653a72.jpg,Drowsy
Dataset/preproses/feature_extract/Neutral/real-62-_png.rf.9cb31971c7710f7353e0b1ff0385e458.jpg,Neutral
Dataset/preproses/feature_extract/Neutral/Training_95070303_jpg.rf.1d0a8303055ad5a71ee8eb9a90ff6c7a.jpg,Neutral
Dataset/preproses/feature_extract/Neutral/Training_98985854_jpg.rf.8eb875fd59a11f86b31d68dea366c4f2.jpg,Neutral
Dataset/preproses/feature_extract/Drowsy/face-0025_jpg.rf.12ac2e093d0b0a4e037d365fe8cb870f.jpg,Drowsy
Dataset/preproses/feature_extract/Neutral/Training_95952911_jpg.rf.f99552f76a784ecec600c8c6d1559ca9.jpg,Neutral
Dataset/preproses/feature_extract/Drowsy/face-0127_jpg.rf.cddafd1b429823f9e555264b01fb8085.jpg,Drowsy
Dataset/preproses/feature_extract/Neutral/Training_99369006_jpg.rf.c7fc2d10aca1d6640948318435a49ae6.jpg,Neutral
Dataset/preproses/feature_extract/Neutral/andr_video_16_frame22_jpg.rf.3611d1ad2e84146596fba3dc895ec342.jpg,Neutral
Dataset/preproses/feature_extract/Drowsy/face-0037_jpg.rf.a0f99785f8e8d20e878ea6e03e9ff90c.jpg,Drowsy
Dataset/preproses/feature_extract/Neutral/Training_94701485_jpg.rf.ccd895d43a6b86972edadaede2f36692.jpg,Neutral
Dataset/preproses/feature_extract/Drowsy/face-0028_jpg.rf.48e3bb7ac3914028ca7a073cf99fb982.jpg,Drowsy
Dataset/preproses/feature_extract/Drowsy/face-0042_jpg.rf.38e001580effd91a45b670defeb2b9f1.jpg,Drowsy
Dataset/preproses/feature_extract/Neutral/andr_video_12_frame9_jpg.rf.3cec58cc18d337c779d115b188efa59b.jpg,Neutral
Dataset/preproses/feature_extract/Neutral/Training_23696276_jpg.rf.0560d724fc4421ae9d6dd5fec72f1cbb.jpg,Neutral
Dataset/preproses/feature_extract/Drowsy/face-0123_jpg.rf.79ee1101841c9d2b01b02577df7fb2e7.jpg,Drowsy
Dataset/preproses/feature_extract/Neutral/Training_96959294_jpg.rf.ace443eb482506e7df7aa1eb0158177f.jpg,Neutral
Dataset/preproses/feature_extract/Neutral/Training_95846338_jpg.rf.54ee9f0e0a94e7141ed42ff9a07e60c5.jpg,Neutral
Dataset/preproses/feature_extract/Drowsy/face-0083_jpg.rf.40fb9cb0d417019952470401242e14d2.jpg,Drowsy
Dataset/preproses/feature_extract/Drowsy/face-0072_jpg.rf.61d19058de026e455936daa85d4c9931.jpg,Drowsy
Dataset/preproses/feature_extract/Neutral/Training_98844918_jpg.rf.2abbcfeb59579ec331cbf257d77fd3fe.jpg,Neutral
Dataset/preproses/feature_extract/Neutral/Training_98527754_jpg.rf.fa4a5f3ac9da555a7ae9f85ce371f0c2.jpg,Neutral
Dataset/preproses/feature_extract/Drowsy/face-0013_jpg.rf.931a89ed11c02f2b4d4848970b801d1c.jpg,Drowsy
Dataset/preproses/feature_extract/Neutral/Training_99435068_jpg.rf.06148a872f23a809000586ba31385869.jpg,Neutral
Dataset/preproses/feature_extract/Drowsy/face-0125_jpg.rf.48813e2a2d1af1fbc5d62ca93a8e17f9.jpg,Drowsy
Dataset/preproses/feature_extract/Drowsy/face-0071_jpg.rf.5d6da716d4adc6a2acc31a0b3596737c.jpg,Drowsy
Dataset/preproses/feature_extract/Neutral/new_real-17-_jpg.rf.723cb68893c64f0af7ee82caf24a9576.jpg,Neutral
Dataset/preproses/feature_extract/Drowsy/face-0117_jpg.rf.f0357414b2bb653d08e94db820a34034.jpg,Drowsy
Dataset/preproses/feature_extract/Drowsy/face-0079_jpg.rf.cb12a7ea71de2f8c6d87ceece37f65ac.jpg,Drowsy
Dataset/preproses/feature_extract/Neutral/ios_video_5_frame7_jpg.rf.689fb80e3049e448e00b7e031f3c3904.jpg,Neutral
Dataset/preproses/feature_extract/Drowsy/face-0039_jpg.rf.f1b47b81538897e505273f8e3d121917.jpg,Drowsy
Dataset/preproses/feature_extract/Neutral/real-59-_png.rf.fbb3b33a3a39e1ea6459f8647d59e4ee.jpg,Neutral
Dataset/preproses/feature_extract/Neutral/Training_97421063_jpg.rf.6069541327ce787c4ed0c134fd3e4be0.jpg,Neutral
Dataset/preproses/feature_extract/Drowsy/face-0170_jpg.rf.d8f792c60d33b3157da436155b524aa9.jpg,Drowsy
Dataset/preproses/feature_extract/Drowsy/face-0029_jpg.rf.663b67d99ceb5fa49e5e9704d24f99a1.jpg,Drowsy
Dataset/preproses/feature_extract/Neutral/1-373-_jpg.rf.40641e2138b6c9ee9ba3929464e302ee.jpg,Neutral
Dataset/preproses/feature_extract/Neutral/real-90-_png.rf.1707d3da587b0edad73dd059f1fc3d93.jpg,Neutral
Dataset/preproses/feature_extract/Drowsy/face-0047_jpg.rf.35a9b866239a4fa0e3773c49b48bf73e.jpg,Drowsy
Dataset/preproses/feature_extract/Neutral/thereal9_png.rf.23321672b71fa9503446f329ca518c54.jpg,Neutral
Dataset/preproses/feature_extract/Neutral/Training_21769688_jpg.rf.fb1d060a1c944c724335075d2ef01f11.jpg,Neutral
Dataset/preproses/feature_extract/Drowsy/face-0052_jpg.rf.c62ce47978fe2d6ac3a593dbacb2fc61.jpg,Drowsy
Dataset/preproses/feature_extract/Neutral/Training_93658164_jpg.rf.2bbc3bd36eee3d76a00a59957db76af3.jpg,Neutral
Dataset/preproses/feature_extract/Drowsy/face-0128_jpg.rf.4bf2b0cf505200b3bf615d55b33f97af.jpg,Drowsy
Dataset/preproses/feature_extract/Drowsy/face-0159_jpg.rf.5278ee263a390b1a276e1df5bbabd92e.jpg,Drowsy
Dataset/preproses/feature_extract/Neutral/ios_video_7_frame7_jpg.rf.176fad952ae9b0a39c5d921d5a0fa215.jpg,Neutral
Dataset/preproses/feature_extract/Neutral/real-38-_png.rf.d7781cc1e413b8019d01899093ee853f.jpg,Neutral
Dataset/preproses/feature_extract/Drowsy/face-0082_jpg.rf.be7ab34b47cab886b0a8a387b408a4f1.jpg,Drowsy
Dataset/preproses/feature_extract/Drowsy/face-0110_jpg.rf.aed67d9bf5db5820e8da6b94dacf96d4.jpg,Drowsy
Dataset/preproses/feature_extract/Neutral/Training_99170268_jpg.rf.6c47c695b9d0b2d8a4a5853c6ea6f653.jpg,Neutral
Dataset/preproses/feature_extract/Drowsy/face-0088_jpg.rf.0927bfe47ad4b37a7c511d0923b011da.jpg,Drowsy
Dataset/preproses/feature_extract/Neutral/Training_92783968_jpg.rf.6b440928ed0b606e00615863a2d74fbc.jpg,Neutral
Dataset/preproses/feature_extract/Drowsy/face-0118_jpg.rf.df608ff6d72e582f90422d0c4d3a3945.jpg,Drowsy
Dataset/preproses/feature_extract/Neutral/Training_98470407_jpg.rf.cc6de8786a6cf709a1966db92635b38e.jpg,Neutral
Dataset/preproses/feature_extract/Drowsy/face-0005_jpg.rf.648dc061b232bc2b0bde468eefdaa7e5.jpg,Drowsy
Dataset/preproses/feature_extract/Drowsy/face-0067_jpg.rf.294444e42be400fb5d6fd0eb3a8efd9a.jpg,Drowsy
Dataset/preproses/feature_extract/Neutral/Training_98537713_jpg.rf.2c08141f4835417e6669c724b7f62906.jpg,Neutral
Dataset/preproses/feature_extract/Neutral/Training_94200554_jpg.rf.d5eb71fe2b8a87cf29b16415ba5b99b8.jpg,Neutral
Dataset/preproses/feature_extract/Drowsy/face-0007_jpg.rf.44498cd93d402622222557da2a80e903.jpg,Drowsy
Dataset/preproses/feature_extract/Neutral/Training_94414573_jpg.rf.aa7174e92651624d0b2015b96cdc169b.jpg,Neutral
Dataset/preproses/feature_extract/Neutral/Training_23893514_jpg.rf.17bf41c58a5c7b1f6e1e2db25df126a5.jpg,Neutral
Dataset/preproses/feature_extract/Neutral/Training_99672252_jpg.rf.a4ea2290a55c87f96651dd2d8c01be2f.jpg,Neutral
Dataset/preproses/feature_extract/Drowsy/face-0033_jpg.rf.49ced392a99e5dccd936a86fd9b0494f.jpg,Drowsy
Dataset/preproses/feature_extract/Neutral/new_real-22-_jpg.rf.7e8f6f69c910ffd420665d3062c18b38.jpg,Neutral
Dataset/preproses/feature_extract/Neutral/Training_97625645_jpg.rf.8227f7ec0f7c9cc42a74d30abbeb30fc.jpg,Neutral
Dataset/preproses/feature_extract/Neutral/Training_98838891_jpg.rf.026ba5cd3e16c814a2c7b117a35616a0.jpg,Neutral
Dataset/preproses/feature_extract/Drowsy/face-0010_jpg.rf.be7c562cfb7b9920e80633750f9505a6.jpg,Drowsy
Dataset/preproses/feature_extract/Drowsy/face-0020_jpg.rf.40108b65980b880c05fa8fcaeb28b0fd.jpg,Drowsy
Dataset/preproses/feature_extract/Drowsy/face-0076_jpg.rf.e90a8cae8288c59bb84389d9ee9cf918.jpg,Drowsy
Dataset/preproses/feature_extract/Drowsy/face-0184_jpg.rf.324b634a06d723e652bb120d4faf8535.jpg,Drowsy
Dataset/preproses/feature_extract/Drowsy/face-0128_jpg.rf.88661ec7eba25c09f18d6167fe6ccc69.jpg,Drowsy
Dataset/preproses/feature_extract/Drowsy/face-0021_jpg.rf.665e3fa15e4262d628d6bab8bdc8f196.jpg,Drowsy
Dataset/preproses/feature_extract/Neutral/Training_24022585_jpg.rf.8540b00cd79eeec9564ab77139e8b9ee.jpg,Neutral
Dataset/preproses/feature_extract/Neutral/Training_94220541_jpg.rf.49d3195a51047effb74a3205d2aa0bd9.jpg,Neutral
Dataset/preproses/feature_extract/Drowsy/face-0019_jpg.rf.96422e601899545fba17c205b22c2a0e.jpg,Drowsy
Dataset/preproses/feature_extract/Drowsy/face-0028_jpg.rf.99371cf75f4515c2de0676e7a080bf65.jpg,Drowsy
Dataset/preproses/feature_extract/Drowsy/face-0129_jpg.rf.0e6223fa2309496387ecf4dc3ec32e2c.jpg,Drowsy
Dataset/preproses/feature_extract/Neutral/Training_98426162_jpg.rf.7ef88ead8e13b446efba1c39be9a483e.jpg,Neutral
Dataset/preproses/feature_extract/Neutral/real-71-_png.rf.2ac836676efa294436cfd5895ae0fe63.jpg,Neutral
Dataset/preproses/feature_extract/Drowsy/face-0091_jpg.rf.1755a928ffe9ff9c86a4a0cfa6e5db99.jpg,Drowsy
Dataset/preproses/feature_extract/Drowsy/face-0131_jpg.rf.984e8383ff474ca3c1b3d34ce6d4d4ee.jpg,Drowsy
Dataset/preproses/feature_extract/Drowsy/face-0035_jpg.rf.4394ac2e5de2501de21b9c4602679ca7.jpg,Drowsy
Dataset/preproses/feature_extract/Neutral/real-35-_png.rf.161590adcd70015e75c9ac581c6d6dd1.jpg,Neutral
Dataset/preproses/feature_extract/Neutral/Training_94135970_jpg.rf.98d276821d7c24e14032ce1d50e6bbcc.jpg,Neutral
Dataset/preproses/feature_extract/Drowsy/face-0004_jpg.rf.1bf5b1f2ef067bcee0bf18926834d354.jpg,Drowsy
Dataset/preproses/feature_extract/Drowsy/face-0037_jpg.rf.87dee029687a684b01dbf035e11dece4.jpg,Drowsy
Dataset/preproses/feature_extract/Neutral/Training_23718246_jpg.rf.7e6ea4978b61bad920b8c9665acde8a9.jpg,Neutral
Dataset/preproses/feature_extract/Drowsy/face-0130_jpg.rf.e3f777199bfd4ae2dcbdb448e5eb8520.jpg,Drowsy
Dataset/preproses/feature_extract/Neutral/ios_video_9_frame7_jpg.rf.ea8fd3f6d7e358a98f2d3374c78dcc10.jpg,Neutral
Dataset/preproses/feature_extract/Drowsy/face-0129_jpg.rf.a478b90cd36841bf992749e044366e8d.jpg,Drowsy
Dataset/preproses/feature_extract/Drowsy/face-0021_jpg.rf.e291ce1110137b26b486baa7bd068969.jpg,Drowsy
Dataset/preproses/feature_extract/Neutral/Training_93396539_jpg.rf.be31c28bf1a00160bb9fcd45a7563e16.jpg,Neutral
Dataset/preproses/feature_extract/Drowsy/face-00141_jpg.rf.368afdbb2c114cff407249386d15777d.jpg,Drowsy
Dataset/preproses/feature_extract/Neutral/real-86-_png.rf.bf2d1f33f29b6ada768240cfaa3d04b1.jpg,Neutral
Dataset/preproses/feature_extract/Neutral/real-79-_png.rf.5118d634732bc764be7736de8413216e.jpg,Neutral
Dataset/preproses/feature_extract/Neutral/real-81-_png.rf.9aa9b5c9cd9de41493b6a89e98a06774.jpg,Neutral
Dataset/preproses/feature_extract/Neutral/real-6-_png.rf.0847d80b7eab1d267c6410fa6bcbbbf4.jpg,Neutral
Dataset/preproses/feature_extract/Drowsy/face-0144_jpg.rf.1e07c4bd8fac90c3c9cd2798c595dfc7.jpg,Drowsy
Dataset/preproses/feature_extract/Drowsy/face-0037_jpg.rf.0101ad0d60ab11954024ac9779dfa2b2.jpg,Drowsy
Dataset/preproses/feature_extract/Drowsy/face-0022_jpg.rf.1ea37882a260662acc80411098194822.jpg,Drowsy
Dataset/preproses/feature_extract/Neutral/Training_94818000_jpg.rf.c785dc250db7942e3a51471c4c45566c.jpg,Neutral
Dataset/preproses/feature_extract/Drowsy/face-0164_jpg.rf.bf3a1832e6f7fd57661ad06cea9e46cf.jpg,Drowsy
Dataset/preproses/feature_extract/Neutral/Training_22821677_jpg.rf.2fe607a2868387285f419107ae372052.jpg,Neutral
Dataset/preproses/feature_extract/Neutral/real-5-_png.rf.5ec5d1b891891534cafb61a3c5130bcf.jpg,Neutral
Dataset/preproses/feature_extract/Drowsy/face-0104_jpg.rf.d26b11178faf17daf0866716ef3e703c.jpg,Drowsy
Dataset/preproses/feature_extract/Neutral/Training_98740074_jpg.rf.5da5dedb815841155ed21a452c32cfcf.jpg,Neutral
Dataset/preproses/feature_extract/Drowsy/face-0016_jpg.rf.0897890a9fb31161c9f6756ae97b8d84.jpg,Drowsy
Dataset/preproses/feature_extract/Drowsy/face-0148_jpg.rf.93c3c3b65e0f2cdb55191f715a08045b.jpg,Drowsy
Dataset/preproses/feature_extract/Neutral/real-30-_png.rf.bdd84422dea8eb66f5df389a7fd98bfb.jpg,Neutral
Dataset/preproses/feature_extract/Drowsy/face-0018_jpg.rf.19057f9dc63bdd8a5f7c0be52e6e0bcc.jpg,Drowsy
Dataset/preproses/feature_extract/Drowsy/face-0117_jpg.rf.d8335dab7ca4271ea95712c1a9aca1d8.jpg,Drowsy
Dataset/preproses/feature_extract/Neutral/andr_video_7_frame37_jpg.rf.e9e60b4aae82b8ef7d425784f6722fcb.jpg,Neutral
Dataset/preproses/feature_extract/Neutral/real-37-_png.rf.244b45b3f4b19e7beea0aa3a765eff68.jpg,Neutral
Dataset/preproses/feature_extract/Neutral/Training_94472640_jpg.rf.ab49e172738595627d0171f19e9ba394.jpg,Neutral
Dataset/preproses/feature_extract/Drowsy/face-0075_jpg.rf.5612473226fa18a3d28fe57b8d3069ae.jpg,Drowsy
Dataset/preproses/feature_extract/Drowsy/face-0118_jpg.rf.f7a59ebb297cf76bded8767ab4d97ed4.jpg,Drowsy
Dataset/preproses/feature_extract/Drowsy/face-0114_jpg.rf.82c6913ae40b58bcc19bf855e1fc180b.jpg,Drowsy
Dataset/preproses/feature_extract/Neutral/new_real-49-_jpg.rf.2b8956788b43044f93899eec1ef8a48a.jpg,Neutral
Dataset/preproses/feature_extract/Drowsy/face-0073_jpg.rf.2996a08e0fdf00217ac691e57c547ae3.jpg,Drowsy
Dataset/preproses/feature_extract/Neutral/andr_video_6_frame83_jpg.rf.76908a6ebd904e6e408a7ff1b334f515.jpg,Neutral
Dataset/preproses/feature_extract/Neutral/real-82-_png.rf.0829d1dee881b36be2d77d5c5454291f.jpg,Neutral
Dataset/preproses/feature_extract/Drowsy/face-0008_jpg.rf.f2ae4aa0cc5908dc54d17f7330e79b59.jpg,Drowsy
Dataset/preproses/feature_extract/Neutral/Training_24094391_jpg.rf.7a415247f07026ee15d326b8600b380f.jpg,Neutral
Dataset/preproses/feature_extract/Neutral/andr_video_19_frame30_jpg.rf.2826bc76f72cc8cd35c060343a532d14.jpg,Neutral
Dataset/preproses/feature_extract/Neutral/real-25-_png.rf.98abd45b99306d59ef653ee8f6f7c024.jpg,Neutral
Dataset/preproses/feature_extract/Neutral/Training_22145627_jpg.rf.bf897f64e6ff2f89e842fb5cd6646479.jpg,Neutral
Dataset/preproses/feature_extract/Drowsy/face-0118_jpg.rf.533fcf1e3cc91c986cbd298fb84ed2a4.jpg,Drowsy
Dataset/preproses/feature_extract/Neutral/Training_99768823_jpg.rf.e0ccfc85603d67ce5071e488c7580c92.jpg,Neutral
Dataset/preproses/feature_extract/Neutral/new_real-27-_jpg.rf.d26a968ade45c9ea743ba302a51ccda8.jpg,Neutral
Dataset/preproses/feature_extract/Neutral/Training_98084650_jpg.rf.9523a9b603eb9f2dd6d207cc489fbdeb.jpg,Neutral
Dataset/preproses/feature_extract/Neutral/real-12-_png.rf.c47c1856ca0a0df12a30b985720d1616.jpg,Neutral
Dataset/preproses/feature_extract/Neutral/andr_video_3_frame55_jpg.rf.c36101a9097eec7435419afaacce6d97.jpg,Neutral
Dataset/preproses/feature_extract/Neutral/real-23-_png.rf.b3cdc2096f842ad71737552e36ef9eb1.jpg,Neutral
Dataset/preproses/feature_extract/Drowsy/face-0082_jpg.rf.5fd3663c39f2e9a7e18446a026e11280.jpg,Drowsy
Dataset/preproses/feature_extract/Drowsy/face-0069_jpg.rf.5754b003a813da5b42a99d7d55b244a5.jpg,Drowsy
Dataset/preproses/feature_extract/Drowsy/face-0023_jpg.rf.5f7cb81c648840318eca6c78a005b2a5.jpg,Drowsy
Dataset/preproses/feature_extract/Neutral/Training_97843698_jpg.rf.8f3dfc69f59d79e86dfbab19305fa65a.jpg,Neutral
Dataset/preproses/feature_extract/Neutral/Training_93080215_jpg.rf.d490b3837728d2a39cca030ea2e33d56.jpg,Neutral
Dataset/preproses/feature_extract/Drowsy/face-0056_jpg.rf.1d4e8e5719f09c629a45d6d7324b5aa9.jpg,Drowsy
Dataset/preproses/feature_extract/Neutral/Training_98903134_jpg.rf.2abfd1d76b3ab21c412993e1e91a8755.jpg,Neutral
Dataset/preproses/feature_extract/Neutral/andr_video_27_frame39_jpg.rf.581664024b8574f91676d966d1b8ea7f.jpg,Neutral
Dataset/preproses/feature_extract/Drowsy/face-0176_jpg.rf.cccba0b8bc82b4e7d648d0b6a8834899.jpg,Drowsy
Dataset/preproses/feature_extract/Neutral/real-42-_png.rf.081f773e175e945795cd0e7bd0b4426f.jpg,Neutral
Dataset/preproses/feature_extract/Drowsy/face-0009_jpg.rf.e03c033f0f7291a744b252d81fb92da0.jpg,Drowsy
Dataset/preproses/feature_extract/Drowsy/face-0027_jpg.rf.c46226711e85317b109257efaf885850.jpg,Drowsy
Dataset/preproses/feature_extract/Neutral/andr_video_11_frame28_jpg.rf.69859fea7e25b25d06d1893449e54c2e.jpg,Neutral
Dataset/preproses/feature_extract/Neutral/Training_24212024_jpg.rf.279ef80c3be13368f56d7de34eb7fc82.jpg,Neutral
Dataset/preproses/feature_extract/Drowsy/face-0004_jpg.rf.a8a79018372ee86655f046233765f343.jpg,Drowsy
Dataset/preproses/feature_extract/Neutral/Training_95793305_jpg.rf.bf9b3a42ea4fc03ef2ef81c4d1990693.jpg,Neutral
Dataset/preproses/feature_extract/Drowsy/face-0012_jpg.rf.7863d3084b6c42a02791dc1522e2aeb2.jpg,Drowsy
Dataset/preproses/feature_extract/Neutral/new_real-56-_jpg.rf.bf50121ca41ad64922d1ec9962624e6b.jpg,Neutral
Dataset/preproses/feature_extract/Neutral/real-16-_png.rf.24e037ab50e711b3783d6ad24a20b409.jpg,Neutral
Dataset/preproses/feature_extract/Drowsy/face-0004_jpg.rf.44eafcd88bf86a100428bddb21460f8b.jpg,Drowsy
Dataset/preproses/feature_extract/Drowsy/face-0024_jpg.rf.47ff03d5771e23d1bfba58c8cda46d62.jpg,Drowsy
Dataset/preproses/feature_extract/Drowsy/face-0015_jpg.rf.938ab17c055e11efe9aa4839dc476e09.jpg,Drowsy
Dataset/preproses/feature_extract/Drowsy/face-0066_jpg.rf.0094d5103a071f98d0a903c8e32edd53.jpg,Drowsy
Dataset/preproses/feature_extract/Neutral/thereal4_png.rf.f21ba1147700f422e911654e9eeb0710.jpg,Neutral
Dataset/preproses/feature_extract/Drowsy/face-0035_jpg.rf.c171ae1a423184a6d9cb27448896d172.jpg,Drowsy
Dataset/preproses/feature_extract/Neutral/Training_96641462_jpg.rf.fbab7619907185c0887d863233ab8a21.jpg,Neutral
Dataset/preproses/feature_extract/Neutral/new_real-28-_jpg.rf.d297d1cd912d10c2b00c10850405435b.jpg,Neutral
Dataset/preproses/feature_extract/Neutral/new_real-33-_jpg.rf.9cf1d666e49d98e3bd3a0a449d91b61f.jpg,Neutral
Dataset/preproses/feature_extract/Neutral/new_real-47-_jpg.rf.41b458891123749523d0d14af93807e0.jpg,Neutral
Dataset/preproses/feature_extract/Neutral/andr_video_9_frame5_jpg.rf.b479c7939eb9d4308ec43b723691821a.jpg,Neutral
Dataset/preproses/feature_extract/Neutral/0-964-_JPG.rf.15ea50649f224ac90182c8fddcd2cc4e.jpg,Neutral
Dataset/preproses/feature_extract/Neutral/real-3-_png.rf.9302bba80ac1bc96477b8d34010a40a6.jpg,Neutral
Dataset/preproses/feature_extract/Drowsy/face-0102_jpg.rf.0de229226de2c4eb556c904993fdb1e2.jpg,Drowsy
Dataset/preproses/feature_extract/Drowsy/face-0010_jpg.rf.167267b3a97248b94981043a69830d5b.jpg,Drowsy
Dataset/preproses/feature_extract/Neutral/Training_99691598_jpg.rf.bb199194e751026ea85a254e46df15f7.jpg,Neutral
Dataset/preproses/feature_extract/Neutral/Training_98500958_jpg.rf.21f0c7ed76cc0d2adc9f40c965f09019.jpg,Neutral
Dataset/preproses/feature_extract/Neutral/Training_96010101_jpg.rf.2c5f7c606cc1391227aa9d0df4cf203a.jpg,Neutral
Dataset/preproses/feature_extract/Neutral/Training_96846679_jpg.rf.0d1de8555196a2cdfd86b552caa20b4b.jpg,Neutral
Dataset/preproses/feature_extract/Neutral/new_real-29-_jpg.rf.84248ae9b00791235e71e9e941dc69de.jpg,Neutral
Dataset/preproses/feature_extract/Neutral/Training_93951116_jpg.rf.62416d5a0e7fe7ee6663f6f002e01050.jpg,Neutral
Dataset/preproses/feature_extract/Neutral/Training_22687863_jpg.rf.75b3adf9d7984c967e5c8f9b9dad24c6.jpg,Neutral
Dataset/preproses/feature_extract/Neutral/andr_video_22_frame18_jpg.rf.3798e05dcfc1e36792a365cd1f048d61.jpg,Neutral
Dataset/preproses/feature_extract/Neutral/andr_video_2_frame62_jpg.rf.1bfaad8952a53a66de9915a37a6a9f6d.jpg,Neutral
Dataset/preproses/feature_extract/Neutral/Training_24076016_jpg.rf.b2b08b0ea943ffbec2c8659a2fd992a2.jpg,Neutral
Dataset/preproses/feature_extract/Drowsy/face-0072_jpg.rf.607b843aa5fa841f43676e6de9120d38.jpg,Drowsy
Dataset/preproses/feature_extract/Neutral/thereal1_png.rf.49058014696806a0d527bebce127d082.jpg,Neutral
Dataset/preproses/feature_extract/Neutral/new_real-21-_jpg.rf.86532f9c539f7bfb4c892e6175ff5590.jpg,Neutral
Dataset/preproses/feature_extract/Drowsy/face-0126_jpg.rf.40f11f8171e581142056a494962400b6.jpg,Drowsy
Dataset/preproses/feature_extract/Drowsy/face-0062_jpg.rf.dc8fbcd840b1d07c3481be87b00b1165.jpg,Drowsy
Dataset/preproses/feature_extract/Neutral/Training_93177841_jpg.rf.72023c90db9022a0d10563d394e94841.jpg,Neutral
Dataset/preproses/feature_extract/Drowsy/face-0177_jpg.rf.2eeadcac0a1f7b97bef00e2218e942c6.jpg,Drowsy
Dataset/preproses/feature_extract/Drowsy/face-0061_jpg.rf.830b731b14e54e95b8f2d6623c3b3217.jpg,Drowsy
Dataset/preproses/feature_extract/Neutral/Training_94918113_jpg.rf.dac11d5e0bc2dfd8746acf55dc637e7d.jpg,Neutral
Dataset/preproses/feature_extract/Neutral/andr_video_19_frame60_jpg.rf.37faa295b9baf13a229fba0cad8b7e58.jpg,Neutral
Dataset/preproses/feature_extract/Neutral/Training_21700887_jpg.rf.eb8e3d5709e58e313c6e10f4a1311680.jpg,Neutral
Dataset/preproses/feature_extract/Neutral/real-41-_png.rf.5f58e462b467ac4e77aa5b31d062f545.jpg,Neutral
Dataset/preproses/feature_extract/Drowsy/face-0026_jpg.rf.06f79540081392472757cd969af9f8cc.jpg,Drowsy
Dataset/preproses/feature_extract/Neutral/Training_95644104_jpg.rf.20d596609e20cfe0619cbe9cba9df44d.jpg,Neutral
Dataset/preproses/feature_extract/Neutral/Training_92776104_jpg.rf.181b982b65481a0c8cfce397964afa90.jpg,Neutral
Dataset/preproses/feature_extract/Drowsy/face-0018_jpg.rf.f6d6b2a2b478299a2728ea6f897a2b62.jpg,Drowsy
Dataset/preproses/feature_extract/Drowsy/face-0137_jpg.rf.16086be2d635449508240c1c6320df6f.jpg,Drowsy
Dataset/preproses/feature_extract/Drowsy/face-0009_jpg.rf.e80ff29083f5c86ef1fb5074a290ef94.jpg,Drowsy
Dataset/preproses/feature_extract/Neutral/Training_24271828_jpg.rf.8035bc47f69c6932cb32bdd312b2fcfd.jpg,Neutral
Dataset/preproses/feature_extract/Drowsy/face-0045_jpg.rf.a611d61301e4bc8ca84e8db73fdbe761.jpg,Drowsy
Dataset/preproses/feature_extract/Neutral/real-44-_png.rf.f5324caef62b02dabd1d6ce8eaf36054.jpg,Neutral
Dataset/preproses/feature_extract/Neutral/real-18-_png.rf.ef4fc42127c161bc056dd85168d2be8d.jpg,Neutral
Dataset/preproses/feature_extract/Drowsy/face-0039_jpg.rf.717f4d7caf8f22fbebc8413105ca4af0.jpg,Drowsy
Dataset/preproses/feature_extract/Neutral/Training_94175819_jpg.rf.ce76a278468a59bf62009dc1e72a3457.jpg,Neutral
Dataset/preproses/feature_extract/Neutral/andr_video_8_frame4_jpg.rf.0e0a3cf28a187b3e7893f8ba7324e592.jpg,Neutral
Dataset/preproses/feature_extract/Drowsy/face-0003_jpg.rf.bf6ba8e6f65ed7cd2429f2091eee961c.jpg,Drowsy
Dataset/preproses/feature_extract/Neutral/Training_94612243_jpg.rf.3c6f49403fe1059960dc46e571e04d60.jpg,Neutral
Dataset/preproses/feature_extract/Drowsy/face-0107_jpg.rf.a8e58c2775227a28ac07864ad6403084.jpg,Drowsy
Dataset/preproses/feature_extract/Neutral/Training_94139955_jpg.rf.f432e64ac0ea71f9c2c888c82510f965.jpg,Neutral
Dataset/preproses/feature_extract/Neutral/Training_93883729_jpg.rf.2e86d77f3624c113971ee5528775671a.jpg,Neutral
Dataset/preproses/feature_extract/Drowsy/face-0078_jpg.rf.d6c9efa188822421849e91248860e4c7.jpg,Drowsy
Dataset/preproses/feature_extract/Drowsy/face-0153_jpg.rf.9582c4a14aa5a90d74e9b0df52d3083c.jpg,Drowsy
Dataset/preproses/feature_extract/Drowsy/face-0060_jpg.rf.4ed739b342b72eb2b889beedc564b260.jpg,Drowsy
